Year,Glob,NHem,SHem,24N-90N,24S-24N,90S-24S,64N-90N,44N-64N,24N-44N,EQU-24N,24S-EQU,44S-24S,64S-44S,90S-64S
1880,-.18,-.30,-.05,-.39,-.14,-.02,-.79,-.50,-.31,-.17,-.12,-.05,.05,.70
1881,-.09,-.19,-.01,-.35,.09,-.07,-.84,-.46,-.22,.09,.09,-.06,-.07,.62
1882,-.11,-.22,-.02,-.31,-.06,.01,-1.34,-.27,-.16,-.07,-.06,.01,.04,.65
1883,-.18,-.29,-.07,-.34,-.18,-.01,-.12,-.55,-.28,-.19,-.16,-.04,.07,.52
1884,-.28,-.43,-.15,-.60,-.16,-.14,-1.25,-.64,-.47,-.14,-.18,-.19,-.02,.67
1885,-.34,-.44,-.25,-.65,-.15,-.27,-1.45,-.68,-.47,-.08,-.21,-.33,-.15,.85
1886,-.32,-.44,-.20,-.56,-.21,-.21,-1.53,-.50,-.41,-.23,-.19,-.20,-.20,.62
1887,-.36,-.44,-.29,-.52,-.31,-.28,-1.71,-.50,-.30,-.31,-.31,-.28,-.26,.34
1888,-.18,-.24,-.12,-.42,.09,-.29,-1.25,-.44,-.25,.05,.13,-.31,-.22,.18
1889,-.11,-.18,-.04,-.29,.06,-.16,-.63,-.23,-.28,-.01,.13,-.15,-.15,.47
1890,-.36,-.39,-.33,-.45,-.38,-.22,-1.09,-.56,-.28,-.29,-.48,-.18,-.27,.18
1891,-.23,-.26,-.20,-.41,-.09,-.21,-1.05,-.33,-.36,-.02,-.17,-.18,-.24,-.13
1892,-.27,-.40,-.15,-.42,-.31,-.08,-1.07,-.65,-.17,-.36,-.27,.02,-.21,.11
1893,-.31,-.47,-.15,-.50,-.38,-.04,-.61,-.54,-.47,-.44,-.31,.07,-.20,-.02
1894,-.30,-.39,-.22,-.32,-.35,-.23,-.91,-.32,-.18,-.50,-.20,-.14,-.35,-.35
1895,-.23,-.31,-.15,-.39,-.09,-.25,-.65,-.52,-.26,-.16,-.01,-.19,-.32,-.56
1896,-.12,-.20,-.03,-.34,.08,-.15,-.85,-.37,-.21,.02,.13,-.15,-.13,.28
1897,-.11,-.17,-.05,-.35,.15,-.23,-.53,-.46,-.24,.11,.19,-.19,-.27,.43
1898,-.28,-.29,-.26,-.35,-.24,-.26,-1.14,-.24,-.23,-.21,-.27,-.27,-.21,.40
1899,-.18,-.21,-.14,-.23,-.13,-.18,-.99,-.09,-.14,-.18,-.09,-.15,-.22,.61
1900,-.09,-.10,-.07,-.20,.15,-.30,-.51,-.16,-.15,.07,.24,-.28,-.29,.30
1901,-.15,-.12,-.18,-.15,-.05,-.30,-.31,-.10,-.15,-.08,-.02,-.27,-.33,.29
1902,-.28,-.34,-.22,-.53,-.05,-.34,-1.47,-.50,-.32,-.04,-.06,-.28,-.43,-.02
1903,-.37,-.38,-.37,-.45,-.30,-.38,-.18,-.41,-.56,-.26,-.34,-.35,-.40,-.48
1904,-.48,-.49,-.46,-.51,-.48,-.44,-.17,-.60,-.55,-.46,-.51,-.37,-.49,-1.31
1905,-.27,-.29,-.23,-.39,-.10,-.35,.00,-.23,-.62,-.13,-.07,-.33,-.37,-.32
1906,-.23,-.23,-.22,-.24,-.21,-.23,-.23,-.06,-.38,-.22,-.20,-.20,-.22,-.70
1907,-.39,-.47,-.31,-.58,-.32,-.29,-.54,-.72,-.51,-.31,-.33,-.21,-.37,-1.19
1908,-.43,-.45,-.41,-.47,-.46,-.36,-.20,-.54,-.50,-.44,-.48,-.29,-.48,.69
1909,-.49,-.50,-.49,-.52,-.50,-.44,-.69,-.62,-.43,-.46,-.55,-.37,-.52,-.56
1910,-.44,-.45,-.44,-.41,-.51,-.38,-.58,-.24,-.48,-.51,-.52,-.33,-.45,.17
1911,-.45,-.42,-.47,-.41,-.45,-.48,-.25,-.41,-.46,-.45,-.46,-.44,-.52,.06
1912,-.37,-.47,-.26,-.59,-.22,-.36,-.48,-.79,-.49,-.30,-.13,-.37,-.29,-1.62
1913,-.35,-.42,-.28,-.43,-.30,-.35,-.45,-.33,-.50,-.42,-.18,-.28,-.40,-1.03
1914,-.16,-.19,-.13,-.24,-.10,-.17,-.32,-.16,-.28,-.13,-.07,-.15,-.18,-.35
1915,-.15,-.14,-.15,-.22,-.04,-.22,-.56,-.16,-.18,-.02,-.05,-.15,-.23,-1.97
1916,-.36,-.42,-.32,-.36,-.47,-.23,-.48,-.54,-.23,-.51,-.43,-.23,-.17,-1.04
1917,-.46,-.57,-.37,-.49,-.65,-.19,-.77,-.50,-.42,-.70,-.60,-.23,-.09,.07
1918,-.30,-.40,-.21,-.40,-.36,-.14,-.97,-.27,-.34,-.40,-.32,-.06,-.23,-.27
1919,-.28,-.35,-.21,-.42,-.22,-.22,-.66,-.55,-.29,-.24,-.20,-.15,-.32,.21
1920,-.28,-.30,-.25,-.24,-.28,-.32,.01,-.20,-.34,-.39,-.16,-.19,-.48,-1.13
1921,-.19,-.11,-.28,.02,-.27,-.31,.01,.17,-.08,-.30,-.24,-.23,-.38,-.83
1922,-.29,-.27,-.30,-.23,-.34,-.27,-.25,-.40,-.13,-.34,-.34,-.24,-.28,-.27
1923,-.27,-.22,-.31,-.14,-.31,-.34,.22,-.15,-.25,-.33,-.29,-.27,-.41,-.53
1924,-.27,-.18,-.36,-.12,-.27,-.43,.55,-.25,-.23,-.28,-.26,-.40,-.45,-.52
1925,-.22,-.14,-.30,-.03,-.25,-.37,-.03,.18,-.18,-.29,-.21,-.25,-.55,-.85
1926,-.11,.01,-.22,.03,.00,-.40,.58,.16,-.22,-.01,.01,-.35,-.45,-.62
1927,-.22,-.14,-.30,-.12,-.17,-.38,.04,-.21,-.12,-.15,-.19,-.31,-.45,-1.37
1928,-.20,-.10,-.29,-.07,-.16,-.39,.67,-.17,-.22,-.16,-.17,-.29,-.48,-2.11
1929,-.36,-.34,-.38,-.37,-.29,-.45,.13,-.61,-.38,-.28,-.30,-.43,-.44,-1.07
1930,-.16,-.01,-.29,.04,-.12,-.42,.51,.05,-.10,-.10,-.14,-.33,-.47,-2.58
1931,-.10,.05,-.22,.01,.07,-.42,.57,-.03,-.14,.10,.04,-.42,-.40,-.40
1932,-.16,-.06,-.26,.03,-.17,-.34,.46,.20,-.21,-.19,-.15,-.21,-.53,-.98
1933,-.29,-.26,-.32,-.24,-.29,-.34,-.15,-.46,-.12,-.29,-.29,-.22,-.48,-1.14
1934,-.13,-.01,-.25,.18,-.26,-.26,.89,.31,-.13,-.27,-.25,-.15,-.38,-.56
1935,-.20,-.10,-.30,-.05,-.19,-.37,.33,-.04,-.16,-.18,-.21,-.30,-.41,-1.70
1936,-.15,-.04,-.26,-.02,-.14,-.30,.41,.11,-.26,-.06,-.22,-.26,-.33,-.02
1937,-.03,.12,-.18,.20,-.06,-.22,1.23,.03,-.03,.00,-.12,-.19,-.25,.37
1938,.00,.16,-.18,.39,-.23,-.09,1.53,.39,.02,-.19,-.28,-.06,-.11,-.85
1939,-.02,.08,-.13,.22,-.13,-.12,.56,.29,.08,-.13,-.14,-.04,-.18,-1.59
1940,.12,.16,.09,.11,.26,-.07,.99,-.02,-.10,.25,.28,.03,-.20,-.04
1941,.18,.22,.16,.01,.47,-.05,.02,-.09,.08,.52,.43,.03,-.15,-.46
1942,.06,.12,.00,.13,.07,-.01,.72,-.07,.06,.10,.03,.05,-.05,-.89
1943,.09,.18,-.01,.37,-.09,.04,1.43,.28,.11,-.11,-.07,.07,.00,1.15
1944,.20,.27,.14,.38,.18,.05,1.18,.47,.09,.10,.26,.18,-.09,-.97
1945,.09,.11,.09,.12,.17,-.03,.66,-.02,.04,.10,.24,.04,.00,-1.81
1946,-.07,.03,-.17,.06,-.05,-.24,-.03,-.05,.17,-.02,-.07,-.22,-.24,-.21
1947,-.03,.08,-.14,.16,-.06,-.16,1.07,-.13,.05,-.03,-.10,-.19,-.08,-.23
1948,-.11,-.01,-.20,.13,-.18,-.24,.12,.32,.01,-.22,-.14,-.19,-.19,-1.41
1949,-.11,-.02,-.19,.11,-.19,-.23,.20,.17,.05,-.23,-.15,-.17,-.15,-2.01
1950,-.17,-.15,-.21,-.05,-.29,-.14,.18,-.31,.04,-.30,-.28,-.06,-.16,-.86
1951,-.07,.05,-.18,.08,-.06,-.23,.07,.01,.13,.00,-.12,-.22,-.16,-.70
1952,.01,.06,-.03,.11,.02,-.09,.27,-.09,.19,-.01,.05,-.10,-.02,-.53
1953,.08,.25,-.07,.36,.07,-.18,1.03,.36,.14,.08,.07,-.08,-.24,-1.13
1954,-.13,-.02,-.25,.07,-.21,-.22,.80,-.21,.01,-.14,-.29,-.18,-.20,-.81
1955,-.14,-.09,-.20,.05,-.34,-.06,-.23,-.11,.24,-.29,-.38,-.16,-.08,1.21
1956,-.19,-.23,-.16,-.20,-.33,.00,.01,-.48,-.08,-.28,-.37,-.14,.02,.77
1957,.05,.04,.05,.03,.08,.02,.09,.22,-.10,.06,.10,-.09,-.02,.49
1958,.06,.15,-.03,.08,.21,-.16,-.18,.14,.13,.26,.15,-.09,-.08,-.56
1959,.03,.13,-.06,.16,.08,-.16,.49,.18,.05,.07,.08,-.03,-.26,-.39
1960,-.02,.08,-.13,.09,.02,-.20,.34,-.07,.11,.07,-.02,-.10,-.07,-.78
1961,.06,.09,.03,.19,-.03,.05,-.16,.38,.18,-.07,.00,.14,-.17,.21
1962,.03,.13,-.06,.24,-.05,-.07,.44,.31,.14,-.04,-.05,.09,-.07,-.65
1963,.05,.14,-.03,.14,.12,-.12,-.16,.31,.13,.14,.10,-.10,-.17,-.03
1964,-.20,-.19,-.20,-.23,-.14,-.24,-.66,-.20,-.12,-.14,-.14,-.30,-.07,-.37
1965,-.11,-.14,-.07,-.19,-.03,-.13,-.28,-.24,-.12,-.08,.02,-.23,-.03,.00
1966,-.06,-.02,-.09,-.14,.08,-.15,-.76,-.19,.09,.16,-.01,-.23,-.14,.12
1967,-.02,.03,-.08,.12,-.14,-.01,.36,.26,-.05,-.11,-.17,-.09,-.02,.31
1968,-.08,-.07,-.09,-.11,-.06,-.08,-.33,-.02,-.09,-.02,-.11,-.14,.00,-.07
1969,.05,-.03,.14,-.29,.33,.02,-.03,-.61,-.17,.35,.32,.00,.13,-.16
1970,.03,-.04,.09,-.11,.07,.12,-.20,-.13,-.07,.07,.07,.11,.03,.35
1971,-.08,-.15,-.01,-.06,-.26,.13,-.08,.01,-.10,-.30,-.22,.03,.16,.48
1972,.01,-.18,.20,-.34,.17,.15,-.37,-.47,-.24,.06,.27,.16,-.02,.48
1973,.16,.09,.23,.10,.19,.18,.06,.27,.01,.07,.30,.22,.07,.35
1974,-.07,-.18,.03,-.14,-.20,.18,-.19,-.07,-.18,-.23,-.17,.21,-.08,.65
1975,-.01,-.06,.02,.12,-.24,.16,.10,.39,-.05,-.31,-.17,.13,.14,.31
1976,-.10,-.21,.01,-.26,-.12,.09,-.08,-.32,-.28,-.13,-.10,.10,.22,-.22
1977,.18,.12,.24,.13,.15,.25,.16,.24,.06,.09,.21,.21,.31,.28
1978,.07,.02,.11,-.03,.07,.16,-.16,.04,-.04,.10,.05,.21,.13,.03
1979,.16,.08,.25,-.03,.26,.23,-.61,.07,.08,.25,.27,.29,.33,-.21
1980,.25,.17,.34,.06,.30,.39,.26,.02,.02,.32,.28,.35,.37,.56
1981,.32,.37,.27,.48,.18,.36,1.09,.79,.08,.21,.14,.28,.38,.62
1982,.14,.05,.23,-.08,.27,.18,-.40,.10,-.09,.24,.29,.18,.32,-.11
1983,.31,.24,.38,.22,.43,.25,.18,.69,-.07,.28,.57,.21,.41,.10
1984,.15,.03,.27,.01,.18,.26,.36,.08,-.14,.07,.29,.16,.32,.54
1985,.12,.00,.24,-.03,.09,.31,.39,-.26,-.02,.04,.13,.30,.44,.07
1986,.18,.13,.23,.10,.22,.20,.01,.28,.03,.17,.27,.25,.25,-.09
1987,.32,.24,.40,.04,.58,.25,-.36,.13,.12,.55,.62,.32,.25,.01
1988,.39,.37,.41,.40,.37,.40,.59,.57,.23,.32,.42,.38,.20,.94
1989,.27,.27,.27,.40,.12,.34,.33,.69,.25,.06,.18,.36,.30,.37
1990,.45,.52,.37,.63,.37,.37,.58,.88,.48,.37,.36,.38,.37,.37
1991,.41,.41,.40,.47,.36,.40,.75,.66,.26,.32,.40,.31,.29,.98
1992,.22,.13,.31,.09,.28,.27,-.17,.44,-.03,.20,.37,.20,.33,.42
1993,.23,.19,.28,.13,.32,.22,.54,.30,-.11,.28,.35,.27,.39,-.28
1994,.31,.37,.26,.43,.31,.21,.34,.50,.41,.28,.34,.27,.23,-.02
1995,.44,.58,.32,.70,.42,.22,1.31,.99,.32,.40,.44,.29,.15,.16
1996,.33,.26,.40,.23,.31,.46,.76,.17,.10,.30,.32,.33,.28,1.31
1997,.46,.52,.42,.53,.51,.34,.76,.90,.22,.50,.52,.42,.36,.03
1998,.61,.70,.51,.78,.69,.32,.86,.94,.65,.59,.79,.39,.31,.14
1999,.38,.48,.28,.70,.20,.30,.40,.80,.74,.15,.25,.46,.19,.02
2000,.39,.50,.28,.70,.24,.29,.97,.80,.55,.20,.28,.42,.10,.28
2001,.53,.64,.43,.80,.42,.42,1.06,.86,.68,.39,.44,.58,.24,.24
2002,.63,.71,.55,.82,.59,.48,1.25,1.00,.58,.54,.64,.50,.31,.79
2003,.61,.74,.49,.84,.64,.36,1.50,.98,.53,.61,.67,.44,.24,.36
2004,.53,.66,.41,.72,.55,.32,.46,.95,.66,.56,.54,.48,.23,-.05
2005,.68,.85,.50,1.01,.62,.42,1.99,1.22,.56,.62,.62,.49,.18,.69
2006,.64,.82,.46,.99,.55,.40,1.76,1.06,.69,.56,.55,.51,.19,.46
2007,.66,.85,.48,1.12,.46,.48,2.09,1.32,.69,.44,.48,.50,.07,1.28
2008,.54,.68,.41,.91,.37,.40,1.53,1.07,.61,.33,.42,.53,.08,.63
2009,.66,.72,.59,.78,.67,.51,1.42,.60,.68,.64,.70,.60,.14,.99
2010,.72,.90,.55,1.03,.68,.48,2.24,.87,.73,.71,.65,.63,.20,.53
2011,.61,.74,.47,.98,.36,.56,2.32,.94,.57,.38,.35,.64,.19,1.08
2012,.65,.80,.49,1.03,.52,.43,2.13,.93,.73,.47,.57,.56,.20,.46
2013,.68,.80,.55,.94,.58,.54,1.54,1.04,.69,.58,.58,.63,.23,.86
2014,.75,.92,.58,1.08,.67,.53,2.06,1.14,.73,.69,.65,.72,.19,.56
2015,.90,1.18,.63,1.31,.95,.40,2.02,1.48,.99,.97,.94,.75,.20,-.35
2016,1.01,1.30,.73,1.54,1.00,.49,3.26,1.43,1.06,.95,1.06,.67,.28,.37
2017,.91,1.17,.66,1.38,.80,.60,2.51,1.38,1.02,.85,.75,.76,.38,.52
2018,.85,1.04,.66,1.25,.67,.69,2.17,1.09,1.05,.73,.62,.79,.41,.92
2019,.98,1.21,.75,1.42,.89,.64,2.77,1.43,.99,.90,.89,.74,.41,.82
2020,1.01,1.34,.67,1.66,.84,.57,2.86,1.81,1.18,.87,.82,.59,.40,.85
2021,.85,1.14,.55,1.43,.65,.53,2.08,1.36,1.26,.71,.58,.73,.33,.30
2022,.89,1.15,.62,1.52,.56,.70,2.36,1.50,1.26,.62,.50,.79,.41,1.06
2023,1.17,1.49,.85,1.77,1.06,.71,2.57,1.86,1.46,1.07,1.04,.90,.46,.60
2024,1.28,1.65,.92,1.95,1.19,.75,2.91,1.96,1.64,1.21,1.16,.88,.54,.72
2025,1.19,1.48,.89,1.91,.85,.92,2.98,1.99,1.53,.85,.85,.97,.55,1.56
